Timestamp,Event_Type,ScrollDeltaX,ScrollDeltaY,PackageName
1777899732307,CLICK,0,0,com.mele.logger
1777899734051,CLICK,0,0,com.sec.android.app.launcher
1777899734399,SCROLL,16,0,com.ss.android.ugc.trill
1777899735418,CLICK,0,0,com.ss.android.ugc.trill
1777899739519,CLICK,0,0,com.ss.android.ugc.trill
1777899740099,SCROLL,0,2049,com.ss.android.ugc.trill
1777899744623,SCROLL,0,3728,com.ss.android.ugc.trill
1777899744729,SCROLL,0,4097,com.ss.android.ugc.trill
1777899744848,SCROLL,0,4098,com.ss.android.ugc.trill
1777899745982,SCROLL,0,5972,com.ss.android.ugc.trill
1777899746089,SCROLL,0,6147,com.ss.android.ugc.trill
1777899747425,SCROLL,0,7697,com.ss.android.ugc.trill
1777899747535,SCROLL,0,8194,com.ss.android.ugc.trill
1777899747640,SCROLL,0,8196,com.ss.android.ugc.trill
1777899749126,SCROLL,0,9742,com.ss.android.ugc.trill
1777899749234,SCROLL,0,10243,com.ss.android.ugc.trill
1777899749343,SCROLL,0,10245,com.ss.android.ugc.trill
1777899751496,SCROLL,0,11937,com.ss.android.ugc.trill
1777899751602,SCROLL,0,12292,com.ss.android.ugc.trill
1777899751702,SCROLL,0,12294,com.ss.android.ugc.trill
1777899753328,SCROLL,51,0,com.ss.android.ugc.trill
1777899753431,SCROLL,1,0,com.ss.android.ugc.trill
1777899753545,SCROLL,0,0,com.ss.android.ugc.trill
1777899753922,SCROLL,0,0,com.ss.android.ugc.trill
1777899753997,SCROLL,579,0,com.ss.android.ugc.trill
1777899754107,SCROLL,919,0,com.ss.android.ugc.trill
1777899754215,SCROLL,1042,0,com.ss.android.ugc.trill
1777899754323,SCROLL,1075,0,com.ss.android.ugc.trill
1777899754430,SCROLL,1080,0,com.ss.android.ugc.trill
1777899754606,SCROLL,0,0,com.ss.android.ugc.trill
1777899758222,SCROLL,0,14195,com.ss.android.ugc.trill
1777899758272,SCROLL,0,0,com.ss.android.ugc.trill
1777899758328,SCROLL,0,14343,com.ss.android.ugc.trill
1777899761232,SCROLL,0,16134,com.ss.android.ugc.trill
1777899761342,SCROLL,0,16392,com.ss.android.ugc.trill
1777899762553,SCROLL,0,17920,com.ss.android.ugc.trill
1777899762660,SCROLL,0,18439,com.ss.android.ugc.trill
1777899762768,SCROLL,0,18441,com.ss.android.ugc.trill
1777899765380,SCROLL,0,19712,com.ss.android.ugc.trill
1777899765492,SCROLL,0,20485,com.ss.android.ugc.trill
1777899765595,SCROLL,0,20490,com.ss.android.ugc.trill
1777899767192,SCROLL,0,22157,com.ss.android.ugc.trill
1777899767298,SCROLL,0,22538,com.ss.android.ugc.trill
1777899767411,SCROLL,0,22539,com.ss.android.ugc.trill
1777899769818,SCROLL,0,24207,com.ss.android.ugc.trill
1777899769927,SCROLL,0,24587,com.ss.android.ugc.trill
1777899770034,SCROLL,0,24588,com.ss.android.ugc.trill
1777899770787,SCROLL,0,26392,com.ss.android.ugc.trill
1777899770895,SCROLL,0,26637,com.ss.android.ugc.trill
1777899774207,SCROLL,0,28322,com.ss.android.ugc.trill
1777899774315,SCROLL,0,28685,com.ss.android.ugc.trill
1777899774423,SCROLL,0,28686,com.ss.android.ugc.trill
1777899779307,SCROLL,0,0,com.ss.android.ugc.trill
1777899780790,SCROLL,0,29740,com.ss.android.ugc.trill
1777899780899,SCROLL,0,30728,com.ss.android.ugc.trill
1777899781014,SCROLL,0,30735,com.ss.android.ugc.trill
1777899787990,SCROLL,0,32443,com.ss.android.ugc.trill
1777899788098,SCROLL,0,32783,com.ss.android.ugc.trill
1777899788206,SCROLL,0,32784,com.ss.android.ugc.trill
1777899791312,SCROLL,0,34092,com.ss.android.ugc.trill
1777899791419,SCROLL,0,34829,com.ss.android.ugc.trill
1777899791536,SCROLL,0,34833,com.ss.android.ugc.trill
1777899792638,SCROLL,0,36505,com.ss.android.ugc.trill
1777899792745,SCROLL,0,36881,com.ss.android.ugc.trill
1777899792860,SCROLL,0,36882,com.ss.android.ugc.trill
1777899798687,SCROLL,503,0,com.ss.android.ugc.trill
1777899798793,SCROLL,884,0,com.ss.android.ugc.trill
1777899798903,SCROLL,1032,0,com.ss.android.ugc.trill
1777899799010,SCROLL,1073,0,com.ss.android.ugc.trill
1777899799119,SCROLL,1080,0,com.ss.android.ugc.trill
1777899801431,SCROLL,1612,0,com.ss.android.ugc.trill
1777899801540,SCROLL,1980,0,com.ss.android.ugc.trill
1777899801648,SCROLL,2116,0,com.ss.android.ugc.trill
1777899801755,SCROLL,2153,0,com.ss.android.ugc.trill
1777899801857,SCROLL,2160,0,com.ss.android.ugc.trill
1777899804511,SCROLL,2665,0,com.ss.android.ugc.trill
1777899804619,SCROLL,3047,0,com.ss.android.ugc.trill
1777899804727,SCROLL,3192,0,com.ss.android.ugc.trill
1777899804839,SCROLL,3233,0,com.ss.android.ugc.trill
1777899804944,SCROLL,3240,0,com.ss.android.ugc.trill
1777899810626,SCROLL,3275,0,com.ss.android.ugc.trill
1777899810734,SCROLL,3284,0,com.ss.android.ugc.trill
1777899810844,SCROLL,3295,0,com.ss.android.ugc.trill
1777899810951,SCROLL,3335,0,com.ss.android.ugc.trill
1777899811059,SCROLL,3813,0,com.ss.android.ugc.trill
1777899811167,SCROLL,4157,0,com.ss.android.ugc.trill
1777899811276,SCROLL,4282,0,com.ss.android.ugc.trill
1777899811383,SCROLL,4314,0,com.ss.android.ugc.trill
1777899811485,SCROLL,4320,0,com.ss.android.ugc.trill
1777899815224,SCROLL,3677,0,com.ss.android.ugc.trill
1777899815332,SCROLL,3378,0,com.ss.android.ugc.trill
1777899815439,SCROLL,3192,0,com.ss.android.ugc.trill
1777899815546,SCROLL,2763,0,com.ss.android.ugc.trill
1777899815647,SCROLL,2383,0,com.ss.android.ugc.trill
1777899815749,SCROLL,2217,0,com.ss.android.ugc.trill
1777899815867,SCROLL,2170,0,com.ss.android.ugc.trill
1777899815974,SCROLL,1648,0,com.ss.android.ugc.trill
1777899816081,SCROLL,1297,0,com.ss.android.ugc.trill
1777899816183,SCROLL,1138,0,com.ss.android.ugc.trill
1777899816289,SCROLL,1092,0,com.ss.android.ugc.trill
1777899816391,SCROLL,1081,0,com.ss.android.ugc.trill
1777899816508,SCROLL,1080,0,com.ss.android.ugc.trill
1777899816792,SCROLL,457,0,com.ss.android.ugc.trill
1777899816900,SCROLL,149,0,com.ss.android.ugc.trill
1777899817007,SCROLL,40,0,com.ss.android.ugc.trill
1777899817108,SCROLL,5,0,com.ss.android.ugc.trill
1777899817215,SCROLL,0,0,com.ss.android.ugc.trill
1777899830512,SCROLL,0,38748,com.ss.android.ugc.trill
1777899830616,SCROLL,0,38931,com.ss.android.ugc.trill
1777899831872,SCROLL,0,40624,com.ss.android.ugc.trill
1777899831980,SCROLL,0,40979,com.ss.android.ugc.trill
1777899832085,SCROLL,0,40980,com.ss.android.ugc.trill
1777899835558,SCROLL,0,42773,com.ss.android.ugc.trill
1777899835666,SCROLL,0,43029,com.ss.android.ugc.trill
1777899838486,SCROLL,0,44693,com.ss.android.ugc.trill
1777899838594,SCROLL,0,45077,com.ss.android.ugc.trill
1777899838746,SCROLL,0,45078,com.ss.android.ugc.trill
1777899844369,SCROLL,0,46865,com.ss.android.ugc.trill
1777899844477,SCROLL,0,47127,com.ss.android.ugc.trill
1777899852018,SCROLL,0,48998,com.ss.android.ugc.trill
1777899852126,SCROLL,0,49176,com.ss.android.ugc.trill
1777899852878,SCROLL,0,50865,com.ss.android.ugc.trill
1777899852986,SCROLL,0,51224,com.ss.android.ugc.trill
1777899853093,SCROLL,0,51225,com.ss.android.ugc.trill
1777899869277,SCROLL,0,53194,com.ss.android.ugc.trill
1777899869384,SCROLL,0,53274,com.ss.android.ugc.trill
1777899873678,SCROLL,0,55057,com.ss.android.ugc.trill
1777899873786,SCROLL,0,55323,com.ss.android.ugc.trill
1777899874930,SCROLL,0,57031,com.ss.android.ugc.trill
1777899875037,SCROLL,0,57371,com.ss.android.ugc.trill
1777899875147,SCROLL,0,57372,com.ss.android.ugc.trill
1777899885051,SCROLL,0,59240,com.ss.android.ugc.trill
1777899885156,SCROLL,0,59421,com.ss.android.ugc.trill
1777899887452,SCROLL,0,60937,com.ss.android.ugc.trill
1777899887557,SCROLL,0,61466,com.ss.android.ugc.trill
1777899887663,SCROLL,0,61470,com.ss.android.ugc.trill
1777899890230,SCROLL,0,62805,com.ss.android.ugc.trill
1777899890338,SCROLL,0,63515,com.ss.android.ugc.trill
1777899890444,SCROLL,0,63519,com.ss.android.ugc.trill
1777899907351,SCROLL,0,65313,com.ss.android.ugc.trill
1777899907459,SCROLL,0,65568,com.ss.android.ugc.trill
1777899910820,SCROLL,0,67357,com.ss.android.ugc.trill
1777899910929,SCROLL,0,67617,com.ss.android.ugc.trill
1777899912999,SCROLL,0,69315,com.ss.android.ugc.trill
1777899913107,SCROLL,0,69665,com.ss.android.ugc.trill
1777899913212,SCROLL,0,69666,com.ss.android.ugc.trill
1777899914826,SCROLL,0,71369,com.ss.android.ugc.trill
1777899914934,SCROLL,0,71714,com.ss.android.ugc.trill
1777899915042,SCROLL,0,71715,com.ss.android.ugc.trill
1777899916119,SCROLL,0,73251,com.ss.android.ugc.trill
1777899916227,SCROLL,0,73762,com.ss.android.ugc.trill
1777899916334,SCROLL,0,73764,com.ss.android.ugc.trill
1777899917345,SCROLL,0,75297,com.ss.android.ugc.trill
1777899917454,SCROLL,0,75811,com.ss.android.ugc.trill
1777899917562,SCROLL,0,75813,com.ss.android.ugc.trill
1777899918704,SCROLL,0,77768,com.ss.android.ugc.trill
1777899918850,SCROLL,0,77862,com.ss.android.ugc.trill
1777899919990,SCROLL,0,79180,com.ss.android.ugc.trill
1777899920098,SCROLL,0,79907,com.ss.android.ugc.trill
1777899920227,SCROLL,0,79911,com.ss.android.ugc.trill
1777899921293,SCROLL,0,81717,com.ss.android.ugc.trill
1777899921401,SCROLL,0,81960,com.ss.android.ugc.trill
1777899923110,SCROLL,0,83267,com.ss.android.ugc.trill
1777899923219,SCROLL,0,84005,com.ss.android.ugc.trill
1777899923327,SCROLL,0,84009,com.ss.android.ugc.trill
1777899924712,SCROLL,0,85811,com.ss.android.ugc.trill
1777899924818,SCROLL,0,86057,com.ss.android.ugc.trill
1777899924920,SCROLL,0,86058,com.ss.android.ugc.trill
1777899927624,SCROLL,0,87405,com.ss.android.ugc.trill
1777899927733,SCROLL,0,88103,com.ss.android.ugc.trill
1777899927851,SCROLL,0,88107,com.ss.android.ugc.trill
1777899928752,SCROLL,0,89801,com.ss.android.ugc.trill
1777899928859,SCROLL,0,90155,com.ss.android.ugc.trill
1777899928966,SCROLL,0,90156,com.ss.android.ugc.trill
1777899930413,SCROLL,0,91854,com.ss.android.ugc.trill
1777899930520,SCROLL,0,92204,com.ss.android.ugc.trill
1777899930627,SCROLL,0,92205,com.ss.android.ugc.trill
1777899931995,SCROLL,0,93902,com.ss.android.ugc.trill
1777899932105,SCROLL,0,94253,com.ss.android.ugc.trill
1777899932217,SCROLL,0,94254,com.ss.android.ugc.trill
1777899935359,SCROLL,0,95805,com.ss.android.ugc.trill
1777899935466,SCROLL,0,96301,com.ss.android.ugc.trill
1777899935623,SCROLL,0,96303,com.ss.android.ugc.trill
1777899939723,SCROLL,0,97611,com.ss.android.ugc.trill
1777899939830,SCROLL,0,98348,com.ss.android.ugc.trill
1777899940011,SCROLL,0,98352,com.ss.android.ugc.trill
1777899943310,SCROLL,356,0,com.ss.android.ugc.trill
1777899943418,SCROLL,826,0,com.ss.android.ugc.trill
1777899943526,SCROLL,1014,0,com.ss.android.ugc.trill
1777899943632,SCROLL,1067,0,com.ss.android.ugc.trill
1777899943734,SCROLL,1079,0,com.ss.android.ugc.trill
1777899943850,SCROLL,1080,0,com.ss.android.ugc.trill
1777899944920,SCROLL,0,100146,com.ss.android.ugc.trill
1777899944978,SCROLL,0,0,com.ss.android.ugc.trill
1777899945030,SCROLL,0,100401,com.ss.android.ugc.trill
1777899945871,SCROLL,0,102100,com.ss.android.ugc.trill
1777899945979,SCROLL,0,102449,com.ss.android.ugc.trill
1777899946086,SCROLL,0,102450,com.ss.android.ugc.trill
1777899947795,SCROLL,0,103952,com.ss.android.ugc.trill
1777899947899,SCROLL,0,104497,com.ss.android.ugc.trill
1777899948014,SCROLL,0,104499,com.ss.android.ugc.trill
1777899953914,SCROLL,0,106018,com.ss.android.ugc.trill
1777899954023,SCROLL,0,106546,com.ss.android.ugc.trill
1777899954130,SCROLL,0,106548,com.ss.android.ugc.trill
1777899954857,SCROLL,0,108349,com.ss.android.ugc.trill
1777899954965,SCROLL,0,108597,com.ss.android.ugc.trill
1777899960939,SCROLL,0,110278,com.ss.android.ugc.trill
1777899961047,SCROLL,0,110645,com.ss.android.ugc.trill
1777899961154,SCROLL,0,110646,com.ss.android.ugc.trill
1777899964512,SCROLL,0,111902,com.ss.android.ugc.trill
1777899964618,SCROLL,0,112690,com.ss.android.ugc.trill
1777899964726,SCROLL,0,112695,com.ss.android.ugc.trill
1777899977866,SCROLL,0,114483,com.ss.android.ugc.trill
1777899977975,SCROLL,0,114744,com.ss.android.ugc.trill
1777899981188,SCROLL,3,0,com.ss.android.ugc.trill
1777899981303,SCROLL,1,0,com.ss.android.ugc.trill
1777899981445,SCROLL,0,0,com.ss.android.ugc.trill
1777899981853,SCROLL,655,0,com.ss.android.ugc.trill
1777899981963,SCROLL,949,0,com.ss.android.ugc.trill
1777899982071,SCROLL,1053,0,com.ss.android.ugc.trill
1777899982179,SCROLL,1077,0,com.ss.android.ugc.trill
1777899982288,SCROLL,1080,0,com.ss.android.ugc.trill
1777899983689,SCROLL,1703,0,com.ss.android.ugc.trill
1777899983798,SCROLL,2014,0,com.ss.android.ugc.trill
1777899983906,SCROLL,2127,0,com.ss.android.ugc.trill
1777899984015,SCROLL,2156,0,com.ss.android.ugc.trill
1777899984122,SCROLL,2160,0,com.ss.android.ugc.trill
1777899984249,SCROLL,0,116442,com.ss.android.ugc.trill
1777899984320,SCROLL,0,0,com.ss.android.ugc.trill
1777899984357,SCROLL,0,116792,com.ss.android.ugc.trill
1777899984466,SCROLL,0,116793,com.ss.android.ugc.trill
1777899990382,SCROLL,0,118447,com.ss.android.ugc.trill
1777899990489,SCROLL,0,118841,com.ss.android.ugc.trill
1777899990597,SCROLL,0,118842,com.ss.android.ugc.trill
1777899995221,SCROLL,0,120697,com.ss.android.ugc.trill
1777899995329,SCROLL,0,120891,com.ss.android.ugc.trill
1777900002096,SCROLL,0,122419,com.ss.android.ugc.trill
1777900002204,SCROLL,0,122938,com.ss.android.ugc.trill
1777900002309,SCROLL,0,122940,com.ss.android.ugc.trill
1777900009971,SCROLL,0,124628,com.ss.android.ugc.trill
1777900010079,SCROLL,0,124988,com.ss.android.ugc.trill
1777900010186,SCROLL,0,124989,com.ss.android.ugc.trill
1777900014911,SCROLL,0,126644,com.ss.android.ugc.trill
1777900015020,SCROLL,0,127037,com.ss.android.ugc.trill
1777900015126,SCROLL,0,127038,com.ss.android.ugc.trill
1777900021888,SCROLL,0,128908,com.ss.android.ugc.trill
1777900021993,SCROLL,0,129087,com.ss.android.ugc.trill
1777900025689,SCROLL,0,130864,com.ss.android.ugc.trill
1777900025799,SCROLL,0,131136,com.ss.android.ugc.trill
1777900030237,SCROLL,0,132174,com.ss.android.ugc.trill
1777900030346,SCROLL,0,133176,com.ss.android.ugc.trill
1777900030452,SCROLL,0,133185,com.ss.android.ugc.trill
1777900036036,SCROLL,0,133380,com.ss.android.ugc.trill
1777900036168,SCROLL,0,135214,com.ss.android.ugc.trill
1777900036282,SCROLL,0,135234,com.ss.android.ugc.trill
1777900042028,SCROLL,0,135982,com.ss.android.ugc.trill
1777900042131,SCROLL,0,137262,com.ss.android.ugc.trill
1777900042257,SCROLL,0,137283,com.ss.android.ugc.trill
1777900046716,CLICK,0,0,com.ss.android.ugc.trill
1777900050518,CLICK,0,0,com.sec.android.app.launcher
